prefOne, prefTwo, prefThree, prefFour, prefFive
Rachet,Clank,Sly Racoon,Jak,Daxter
Rachet,Clank,Sly Racoon,Jak,Daxter
Sly Racoon,Rachet,Clank,Daxter,Jak
Clank,Rachet,Sly Racoon,Jak,Daxter
Sly Racoon,Rachet,Clank,Daxter,Jak
Clank,Rachet,Sly Racoon,Jak,Daxter
Rachet,Clank,Sly Racoon,Jak,Daxter
Daxter,Jak,Rachet,Sly Racoon,Clank
Daxter,Jak,Rachet,Sly Racoon,Clank
Sly Racoon,Rachet,Clank,Daxter,Jak
Clank,Rachet,Sly Racoon,Jak,Daxter
Rachet,Clank,Sly Racoon,Jak,Daxter
Rachet,Clank,Sly Racoon,Jak,Daxter
Sly Racoon,Rachet,Clank,Daxter,Jak
Clank,Rachet,Sly Racoon,Jak,Daxter
Daxter,Jak,Rachet,Sly Racoon,Clank
Daxter,Jak,Rachet,Sly Racoon,Clank
Sly Racoon,Rachet,Clank,Daxter,Jak
Daxter,Jak,Rachet,Sly Racoon,Clank
Daxter,Jak,Rachet,Sly Racoon,Clank
Rachet,Clank,Sly Racoon,Jak,Daxter
Rachet,Clank,Sly Racoon,Jak,Daxter
Daxter,Jak,Rachet,Sly Racoon,Clank
Rachet,Clank,Sly Racoon,Jak,Daxter
Clank,Rachet,Sly Racoon,Jak,Daxter
Daxter,Jak,Rachet,Sly Racoon,Clank
Rachet,Clank,Sly Racoon,Jak,Daxter
Daxter,Jak,Rachet,Sly Racoon,Clank
Daxter,Jak,Rachet,Sly Racoon,Clank
Sly Racoon,Rachet,Clank,Daxter,Jak
Sly Racoon,Rachet,Clank,Daxter,Jak
Rachet,Clank,Sly Racoon,Jak,Daxter
Daxter,Jak,Rachet,Sly Racoon,Clank
Rachet,Clank,Sly Racoon,Jak,Daxter
Sly Racoon,Rachet,Clank,Daxter,Jak
Sly Racoon,Rachet,Clank,Daxter,Jak
Daxter,Jak,Rachet,Sly Racoon,Clank
Clank,Rachet,Sly Racoon,Jak,Daxter
Daxter,Jak,Rachet,Sly Racoon,Clank
Clank,Rachet,Sly Racoon,Jak,Daxter
Clank,Rachet,Sly Racoon,Jak,Daxter
Rachet,Clank,Sly Racoon,Jak,Daxter
Clank,Rachet,Sly Racoon,Jak,Daxter
Clank,Rachet,Sly Racoon,Jak,Daxter
Clank,Rachet,Sly Racoon,Jak,Daxter
Rachet,Clank,Sly Racoon,Jak,Daxter
Rachet,Clank,Sly Racoon,Jak,Daxter
Daxter,Jak,Rachet,Sly Racoon,Clank
Daxter,Jak,Rachet,Sly Racoon,Clank
Sly Racoon,Rachet,Clank,Daxter,Jak
Sly Racoon,Rachet,Clank,Daxter,Jak
Sly Racoon,Rachet,Clank,Daxter,Jak
Sly Racoon,Rachet,Clank,Daxter,Jak
Daxter,Jak,Rachet,Sly Racoon,Clank
Rachet,Clank,Sly Racoon,Jak,Daxter
Rachet,Clank,Sly Racoon,Jak,Daxter
Sly Racoon,Rachet,Clank,Daxter,Jak
Sly Racoon,Rachet,Clank,Daxter,Jak
Rachet,Clank,Sly Racoon,Jak,Daxter
Clank,Rachet,Sly Racoon,Jak,Daxter
Clank,Rachet,Sly Racoon,Jak,Daxter
Sly Racoon,Rachet,Clank,Daxter,Jak
Sly Racoon,Rachet,Clank,Daxter,Jak
Daxter,Jak,Rachet,Sly Racoon,Clank
Sly Racoon,Rachet,Clank,Daxter,Jak
Daxter,Jak,Rachet,Sly Racoon,Clank
Daxter,Jak,Rachet,Sly Racoon,Clank
Daxter,Jak,Rachet,Sly Racoon,Clank
Daxter,Jak,Rachet,Sly Racoon,Clank
Sly Racoon,Rachet,Clank,Daxter,Jak
Sly Racoon,Rachet,Clank,Daxter,Jak
Sly Racoon,Rachet,Clank,Daxter,Jak
Daxter,Jak,Rachet,Sly Racoon,Clank
Rachet,Clank,Sly Racoon,Jak,Daxter
Daxter,Jak,Rachet,Sly Racoon,Clank
Rachet,Clank,Sly Racoon,Jak,Daxter
Sly Racoon,Rachet,Clank,Daxter,Jak
Rachet,Clank,Sly Racoon,Jak,Daxter
Rachet,Clank,Sly Racoon,Jak,Daxter
Clank,Rachet,Sly Racoon,Jak,Daxter
Sly Racoon,Rachet,Clank,Daxter,Jak
Daxter,Jak,Rachet,Sly Racoon,Clank
Daxter,Jak,Rachet,Sly Racoon,Clank
Daxter,Jak,Rachet,Sly Racoon,Clank
Daxter,Jak,Rachet,Sly Racoon,Clank
Clank,Rachet,Sly Racoon,Jak,Daxter
Clank,Rachet,Sly Racoon,Jak,Daxter
Clank,Rachet,Sly Racoon,Jak,Daxter
Clank,Rachet,Sly Racoon,Jak,Daxter
Sly Racoon,Rachet,Clank,Daxter,Jak
Rachet,Clank,Sly Racoon,Jak,Daxter
Daxter,Jak,Rachet,Sly Racoon,Clank
Daxter,Jak,Rachet,Sly Racoon,Clank
Clank,Rachet,Sly Racoon,Jak,Daxter
Rachet,Clank,Sly Racoon,Jak,Daxter
Daxter,Jak,Rachet,Sly Racoon,Clank
Sly Racoon,Rachet,Clank,Daxter,Jak
Daxter,Jak,Rachet,Sly Racoon,Clank
Clank,Rachet,Sly Racoon,Jak,Daxter
Rachet,Clank,Sly Racoon,Jak,Daxter
Daxter,Jak,Rachet,Sly Racoon,Clank
Sly Racoon,Rachet,Clank,Daxter,Jak
Daxter,Jak,Rachet,Sly Racoon,Clank
Clank,Rachet,Sly Racoon,Jak,Daxter
Sly Racoon,Rachet,Clank,Daxter,Jak
Clank,Rachet,Sly Racoon,Jak,Daxter
Sly Racoon,Rachet,Clank,Daxter,Jak
Daxter,Jak,Rachet,Sly Racoon,Clank
Sly Racoon,Rachet,Clank,Daxter,Jak
Sly Racoon,Rachet,Clank,Daxter,Jak
Sly Racoon,Rachet,Clank,Daxter,Jak
Rachet,Clank,Sly Racoon,Jak,Daxter
Sly Racoon,Rachet,Clank,Daxter,Jak
Clank,Rachet,Sly Racoon,Jak,Daxter
Sly Racoon,Rachet,Clank,Daxter,Jak
Daxter,Jak,Rachet,Sly Racoon,Clank
Daxter,Jak,Rachet,Sly Racoon,Clank
Rachet,Clank,Sly Racoon,Jak,Daxter
Sly Racoon,Rachet,Clank,Daxter,Jak
Rachet,Clank,Sly Racoon,Jak,Daxter
Daxter,Jak,Rachet,Sly Racoon,Clank
Rachet,Clank,Sly Racoon,Jak,Daxter
Rachet,Clank,Sly Racoon,Jak,Daxter
Clank,Rachet,Sly Racoon,Jak,Daxter
Rachet,Clank,Sly Racoon,Jak,Daxter
Rachet,Clank,Sly Racoon,Jak,Daxter
Rachet,Clank,Sly Racoon,Jak,Daxter
Sly Racoon,Rachet,Clank,Daxter,Jak
Daxter,Jak,Rachet,Sly Racoon,Clank
Rachet,Clank,Sly Racoon,Jak,Daxter
Clank,Rachet,Sly Racoon,Jak,Daxter
Clank,Rachet,Sly Racoon,Jak,Daxter
Sly Racoon,Rachet,Clank,Daxter,Jak
Daxter,Jak,Rachet,Sly Racoon,Clank
Daxter,Jak,Rachet,Sly Racoon,Clank
Daxter,Jak,Rachet,Sly Racoon,Clank
Sly Racoon,Rachet,Clank,Daxter,Jak
Rachet,Clank,Sly Racoon,Jak,Daxter
Sly Racoon,Rachet,Clank,Daxter,Jak
Clank,Rachet,Sly Racoon,Jak,Daxter
Clank,Rachet,Sly Racoon,Jak,Daxter
Clank,Rachet,Sly Racoon,Jak,Daxter
Daxter,Jak,Rachet,Sly Racoon,Clank
Clank,Rachet,Sly Racoon,Jak,Daxter
Rachet,Clank,Sly Racoon,Jak,Daxter
Daxter,Jak,Rachet,Sly Racoon,Clank
Daxter,Jak,Rachet,Sly Racoon,Clank
Sly Racoon,Rachet,Clank,Daxter,Jak
Clank,Rachet,Sly Racoon,Jak,Daxter
Rachet,Clank,Sly Racoon,Jak,Daxter
Rachet,Clank,Sly Racoon,Jak,Daxter
Clank,Rachet,Sly Racoon,Jak,Daxter
Rachet,Clank,Sly Racoon,Jak,Daxter
Sly Racoon,Rachet,Clank,Daxter,Jak
Daxter,Jak,Rachet,Sly Racoon,Clank
Rachet,Clank,Sly Racoon,Jak,Daxter
Sly Racoon,Rachet,Clank,Daxter,Jak
Daxter,Jak,Rachet,Sly Racoon,Clank
Sly Racoon,Rachet,Clank,Daxter,Jak
Clank,Rachet,Sly Racoon,Jak,Daxter
Daxter,Jak,Rachet,Sly Racoon,Clank
Sly Racoon,Rachet,Clank,Daxter,Jak
Sly Racoon,Rachet,Clank,Daxter,Jak
Daxter,Jak,Rachet,Sly Racoon,Clank
Daxter,Jak,Rachet,Sly Racoon,Clank
Daxter,Jak,Rachet,Sly Racoon,Clank
Sly Racoon,Rachet,Clank,Daxter,Jak
Clank,Rachet,Sly Racoon,Jak,Daxter
Clank,Rachet,Sly Racoon,Jak,Daxter
Rachet,Clank,Sly Racoon,Jak,Daxter
Rachet,Clank,Sly Racoon,Jak,Daxter
Rachet,Clank,Sly Racoon,Jak,Daxter
Rachet,Clank,Sly Racoon,Jak,Daxter
Sly Racoon,Rachet,Clank,Daxter,Jak
Rachet,Clank,Sly Racoon,Jak,Daxter
Clank,Rachet,Sly Racoon,Jak,Daxter
Sly Racoon,Rachet,Clank,Daxter,Jak
Sly Racoon,Rachet,Clank,Daxter,Jak
Sly Racoon,Rachet,Clank,Daxter,Jak
Sly Racoon,Rachet,Clank,Daxter,Jak
Clank,Rachet,Sly Racoon,Jak,Daxter
Sly Racoon,Rachet,Clank,Daxter,Jak
Clank,Rachet,Sly Racoon,Jak,Daxter
Daxter,Jak,Rachet,Sly Racoon,Clank
Rachet,Clank,Sly Racoon,Jak,Daxter
Rachet,Clank,Sly Racoon,Jak,Daxter
Rachet,Clank,Sly Racoon,Jak,Daxter
Clank,Rachet,Sly Racoon,Jak,Daxter
Sly Racoon,Rachet,Clank,Daxter,Jak
Daxter,Jak,Rachet,Sly Racoon,Clank
Daxter,Jak,Rachet,Sly Racoon,Clank
Daxter,Jak,Rachet,Sly Racoon,Clank
Rachet,Clank,Sly Racoon,Jak,Daxter
Rachet,Clank,Sly Racoon,Jak,Daxter
Clank,Rachet,Sly Racoon,Jak,Daxter
Rachet,Clank,Sly Racoon,Jak,Daxter
Clank,Rachet,Sly Racoon,Jak,Daxter
Sly Racoon,Rachet,Clank,Daxter,Jak
Sly Racoon,Rachet,Clank,Daxter,Jak
Sly Racoon,Rachet,Clank,Daxter,Jak
Sly Racoon,Rachet,Clank,Daxter,Jak
Rachet,Clank,Sly Racoon,Jak,Daxter
Daxter,Jak,Rachet,Sly Racoon,Clank
Rachet,Clank,Sly Racoon,Jak,Daxter
Rachet,Clank,Sly Racoon,Jak,Daxter
Rachet,Clank,Sly Racoon,Jak,Daxter
Daxter,Jak,Rachet,Sly Racoon,Clank
Clank,Rachet,Sly Racoon,Jak,Daxter
Clank,Rachet,Sly Racoon,Jak,Daxter
Sly Racoon,Rachet,Clank,Daxter,Jak
Daxter,Jak,Rachet,Sly Racoon,Clank
Clank,Rachet,Sly Racoon,Jak,Daxter
Sly Racoon,Rachet,Clank,Daxter,Jak
Sly Racoon,Rachet,Clank,Daxter,Jak
Rachet,Clank,Sly Racoon,Jak,Daxter
Clank,Rachet,Sly Racoon,Jak,Daxter
Clank,Rachet,Sly Racoon,Jak,Daxter
Sly Racoon,Rachet,Clank,Daxter,Jak
Sly Racoon,Rachet,Clank,Daxter,Jak
Daxter,Jak,Rachet,Sly Racoon,Clank
Clank,Rachet,Sly Racoon,Jak,Daxter
Sly Racoon,Rachet,Clank,Daxter,Jak
Daxter,Jak,Rachet,Sly Racoon,Clank
Clank,Rachet,Sly Racoon,Jak,Daxter
Clank,Rachet,Sly Racoon,Jak,Daxter
Daxter,Jak,Rachet,Sly Racoon,Clank
Daxter,Jak,Rachet,Sly Racoon,Clank
Sly Racoon,Rachet,Clank,Daxter,Jak
Clank,Rachet,Sly Racoon,Jak,Daxter
Daxter,Jak,Rachet,Sly Racoon,Clank
Sly Racoon,Rachet,Clank,Daxter,Jak
Sly Racoon,Rachet,Clank,Daxter,Jak
Daxter,Jak,Rachet,Sly Racoon,Clank
Daxter,Jak,Rachet,Sly Racoon,Clank
Clank,Rachet,Sly Racoon,Jak,Daxter
Rachet,Clank,Sly Racoon,Jak,Daxter
Rachet,Clank,Sly Racoon,Jak,Daxter
Clank,Rachet,Sly Racoon,Jak,Daxter
Daxter,Jak,Rachet,Sly Racoon,Clank
Clank,Rachet,Sly Racoon,Jak,Daxter
Daxter,Jak,Rachet,Sly Racoon,Clank
Clank,Rachet,Sly Racoon,Jak,Daxter
Clank,Rachet,Sly Racoon,Jak,Daxter
Clank,Rachet,Sly Racoon,Jak,Daxter
Daxter,Jak,Rachet,Sly Racoon,Clank
Daxter,Jak,Rachet,Sly Racoon,Clank
Daxter,Jak,Rachet,Sly Racoon,Clank
Clank,Rachet,Sly Racoon,Jak,Daxter
Sly Racoon,Rachet,Clank,Daxter,Jak
Sly Racoon,Rachet,Clank,Daxter,Jak
Daxter,Jak,Rachet,Sly Racoon,Clank
Clank,Rachet,Sly Racoon,Jak,Daxter
Sly Racoon,Rachet,Clank,Daxter,Jak
Clank,Rachet,Sly Racoon,Jak,Daxter
Sly Racoon,Rachet,Clank,Daxter,Jak
Sly Racoon,Rachet,Clank,Daxter,Jak
Clank,Rachet,Sly Racoon,Jak,Daxter
Daxter,Jak,Rachet,Sly Racoon,Clank
Rachet,Clank,Sly Racoon,Jak,Daxter
Sly Racoon,Rachet,Clank,Daxter,Jak
Sly Racoon,Rachet,Clank,Daxter,Jak
Sly Racoon,Rachet,Clank,Daxter,Jak
Clank,Rachet,Sly Racoon,Jak,Daxter
Daxter,Jak,Rachet,Sly Racoon,Clank
Sly Racoon,Rachet,Clank,Daxter,Jak
Clank,Rachet,Sly Racoon,Jak,Daxter
Rachet,Clank,Sly Racoon,Jak,Daxter
Daxter,Jak,Rachet,Sly Racoon,Clank
Rachet,Clank,Sly Racoon,Jak,Daxter
Sly Racoon,Rachet,Clank,Daxter,Jak
Daxter,Jak,Rachet,Sly Racoon,Clank
Daxter,Jak,Rachet,Sly Racoon,Clank
Rachet,Clank,Sly Racoon,Jak,Daxter
Daxter,Jak,Rachet,Sly Racoon,Clank
Clank,Rachet,Sly Racoon,Jak,Daxter
Clank,Rachet,Sly Racoon,Jak,Daxter
Sly Racoon,Rachet,Clank,Daxter,Jak
Rachet,Clank,Sly Racoon,Jak,Daxter
Rachet,Clank,Sly Racoon,Jak,Daxter
Rachet,Clank,Sly Racoon,Jak,Daxter
Daxter,Jak,Rachet,Sly Racoon,Clank
Sly Racoon,Rachet,Clank,Daxter,Jak
Sly Racoon,Rachet,Clank,Daxter,Jak
Daxter,Jak,Rachet,Sly Racoon,Clank
Rachet,Clank,Sly Racoon,Jak,Daxter
Daxter,Jak,Rachet,Sly Racoon,Clank
Rachet,Clank,Sly Racoon,Jak,Daxter
Rachet,Clank,Sly Racoon,Jak,Daxter
Daxter,Jak,Rachet,Sly Racoon,Clank
Sly Racoon,Rachet,Clank,Daxter,Jak
Daxter,Jak,Rachet,Sly Racoon,Clank
Sly Racoon,Rachet,Clank,Daxter,Jak
Rachet,Clank,Sly Racoon,Jak,Daxter
Daxter,Jak,Rachet,Sly Racoon,Clank
Daxter,Jak,Rachet,Sly Racoon,Clank
Daxter,Jak,Rachet,Sly Racoon,Clank
Rachet,Clank,Sly Racoon,Jak,Daxter
Rachet,Clank,Sly Racoon,Jak,Daxter
Daxter,Jak,Rachet,Sly Racoon,Clank
Daxter,Jak,Rachet,Sly Racoon,Clank
Clank,Rachet,Sly Racoon,Jak,Daxter
Rachet,Clank,Sly Racoon,Jak,Daxter
Rachet,Clank,Sly Racoon,Jak,Daxter
Daxter,Jak,Rachet,Sly Racoon,Clank
Daxter,Jak,Rachet,Sly Racoon,Clank
Daxter,Jak,Rachet,Sly Racoon,Clank
Daxter,Jak,Rachet,Sly Racoon,Clank
Rachet,Clank,Sly Racoon,Jak,Daxter
Daxter,Jak,Rachet,Sly Racoon,Clank
Daxter,Jak,Rachet,Sly Racoon,Clank
Sly Racoon,Rachet,Clank,Daxter,Jak
Clank,Rachet,Sly Racoon,Jak,Daxter
Daxter,Jak,Rachet,Sly Racoon,Clank
Daxter,Jak,Rachet,Sly Racoon,Clank
Rachet,Clank,Sly Racoon,Jak,Daxter
Clank,Rachet,Sly Racoon,Jak,Daxter
Daxter,Jak,Rachet,Sly Racoon,Clank
Clank,Rachet,Sly Racoon,Jak,Daxter
Rachet,Clank,Sly Racoon,Jak,Daxter
Rachet,Clank,Sly Racoon,Jak,Daxter
Daxter,Jak,Rachet,Sly Racoon,Clank
Sly Racoon,Rachet,Clank,Daxter,Jak
Daxter,Jak,Rachet,Sly Racoon,Clank
Sly Racoon,Rachet,Clank,Daxter,Jak
Sly Racoon,Rachet,Clank,Daxter,Jak
Daxter,Jak,Rachet,Sly Racoon,Clank
Clank,Rachet,Sly Racoon,Jak,Daxter
Clank,Rachet,Sly Racoon,Jak,Daxter
Clank,Rachet,Sly Racoon,Jak,Daxter
Daxter,Jak,Rachet,Sly Racoon,Clank
Rachet,Clank,Sly Racoon,Jak,Daxter
Rachet,Clank,Sly Racoon,Jak,Daxter
Clank,Rachet,Sly Racoon,Jak,Daxter
Sly Racoon,Rachet,Clank,Daxter,Jak
Rachet,Clank,Sly Racoon,Jak,Daxter
Daxter,Jak,Rachet,Sly Racoon,Clank
Sly Racoon,Rachet,Clank,Daxter,Jak
Sly Racoon,Rachet,Clank,Daxter,Jak
Rachet,Clank,Sly Racoon,Jak,Daxter
Sly Racoon,Rachet,Clank,Daxter,Jak
Clank,Rachet,Sly Racoon,Jak,Daxter
Sly Racoon,Rachet,Clank,Daxter,Jak
Clank,Rachet,Sly Racoon,Jak,Daxter
Clank,Rachet,Sly Racoon,Jak,Daxter
Rachet,Clank,Sly Racoon,Jak,Daxter
Daxter,Jak,Rachet,Sly Racoon,Clank
Rachet,Clank,Sly Racoon,Jak,Daxter
Rachet,Clank,Sly Racoon,Jak,Daxter
Sly Racoon,Rachet,Clank,Daxter,Jak
Clank,Rachet,Sly Racoon,Jak,Daxter
Rachet,Clank,Sly Racoon,Jak,Daxter
Rachet,Clank,Sly Racoon,Jak,Daxter
Sly Racoon,Rachet,Clank,Daxter,Jak
Sly Racoon,Rachet,Clank,Daxter,Jak
Clank,Rachet,Sly Racoon,Jak,Daxter
Rachet,Clank,Sly Racoon,Jak,Daxter
Rachet,Clank,Sly Racoon,Jak,Daxter
Clank,Rachet,Sly Racoon,Jak,Daxter
Clank,Rachet,Sly Racoon,Jak,Daxter
Sly Racoon,Rachet,Clank,Daxter,Jak
Sly Racoon,Rachet,Clank,Daxter,Jak
Sly Racoon,Rachet,Clank,Daxter,Jak
Rachet,Clank,Sly Racoon,Jak,Daxter
Clank,Rachet,Sly Racoon,Jak,Daxter
Rachet,Clank,Sly Racoon,Jak,Daxter
Clank,Rachet,Sly Racoon,Jak,Daxter
Daxter,Jak,Rachet,Sly Racoon,Clank
Rachet,Clank,Sly Racoon,Jak,Daxter
Rachet,Clank,Sly Racoon,Jak,Daxter
Sly Racoon,Rachet,Clank,Daxter,Jak
Sly Racoon,Rachet,Clank,Daxter,Jak
Rachet,Clank,Sly Racoon,Jak,Daxter
Sly Racoon,Rachet,Clank,Daxter,Jak
Daxter,Jak,Rachet,Sly Racoon,Clank
Rachet,Clank,Sly Racoon,Jak,Daxter
Daxter,Jak,Rachet,Sly Racoon,Clank
Sly Racoon,Rachet,Clank,Daxter,Jak
Sly Racoon,Rachet,Clank,Daxter,Jak
Rachet,Clank,Sly Racoon,Jak,Daxter
Sly Racoon,Rachet,Clank,Daxter,Jak
Clank,Rachet,Sly Racoon,Jak,Daxter
Daxter,Jak,Rachet,Sly Racoon,Clank
Clank,Rachet,Sly Racoon,Jak,Daxter
Rachet,Clank,Sly Racoon,Jak,Daxter
Daxter,Jak,Rachet,Sly Racoon,Clank
Daxter,Jak,Rachet,Sly Racoon,Clank
Daxter,Jak,Rachet,Sly Racoon,Clank
Daxter,Jak,Rachet,Sly Racoon,Clank
Rachet,Clank,Sly Racoon,Jak,Daxter
Rachet,Clank,Sly Racoon,Jak,Daxter
Clank,Rachet,Sly Racoon,Jak,Daxter
Clank,Rachet,Sly Racoon,Jak,Daxter
Sly Racoon,Rachet,Clank,Daxter,Jak
Clank,Rachet,Sly Racoon,Jak,Daxter
Sly Racoon,Rachet,Clank,Daxter,Jak
Daxter,Jak,Rachet,Sly Racoon,Clank
Daxter,Jak,Rachet,Sly Racoon,Clank
Clank,Rachet,Sly Racoon,Jak,Daxter
Daxter,Jak,Rachet,Sly Racoon,Clank
Sly Racoon,Rachet,Clank,Daxter,Jak
Rachet,Clank,Sly Racoon,Jak,Daxter
Sly Racoon,Rachet,Clank,Daxter,Jak
Daxter,Jak,Rachet,Sly Racoon,Clank
Daxter,Jak,Rachet,Sly Racoon,Clank
Sly Racoon,Rachet,Clank,Daxter,Jak
Sly Racoon,Rachet,Clank,Daxter,Jak
Sly Racoon,Rachet,Clank,Daxter,Jak
Daxter,Jak,Rachet,Sly Racoon,Clank
Rachet,Clank,Sly Racoon,Jak,Daxter
Daxter,Jak,Rachet,Sly Racoon,Clank
Sly Racoon,Rachet,Clank,Daxter,Jak
Clank,Rachet,Sly Racoon,Jak,Daxter
Clank,Rachet,Sly Racoon,Jak,Daxter
Rachet,Clank,Sly Racoon,Jak,Daxter
Clank,Rachet,Sly Racoon,Jak,Daxter
Sly Racoon,Rachet,Clank,Daxter,Jak
Rachet,Clank,Sly Racoon,Jak,Daxter
Daxter,Jak,Rachet,Sly Racoon,Clank
Daxter,Jak,Rachet,Sly Racoon,Clank
Clank,Rachet,Sly Racoon,Jak,Daxter
Sly Racoon,Rachet,Clank,Daxter,Jak
Sly Racoon,Rachet,Clank,Daxter,Jak
Daxter,Jak,Rachet,Sly Racoon,Clank
Clank,Rachet,Sly Racoon,Jak,Daxter
Rachet,Clank,Sly Racoon,Jak,Daxter
Daxter,Jak,Rachet,Sly Racoon,Clank
Rachet,Clank,Sly Racoon,Jak,Daxter
Sly Racoon,Rachet,Clank,Daxter,Jak
Clank,Rachet,Sly Racoon,Jak,Daxter
Sly Racoon,Rachet,Clank,Daxter,Jak
Rachet,Clank,Sly Racoon,Jak,Daxter
Daxter,Jak,Rachet,Sly Racoon,Clank
Clank,Rachet,Sly Racoon,Jak,Daxter
Daxter,Jak,Rachet,Sly Racoon,Clank
Daxter,Jak,Rachet,Sly Racoon,Clank
Daxter,Jak,Rachet,Sly Racoon,Clank
Rachet,Clank,Sly Racoon,Jak,Daxter
Clank,Rachet,Sly Racoon,Jak,Daxter
Daxter,Jak,Rachet,Sly Racoon,Clank
Daxter,Jak,Rachet,Sly Racoon,Clank
Sly Racoon,Rachet,Clank,Daxter,Jak
Rachet,Clank,Sly Racoon,Jak,Daxter
Sly Racoon,Rachet,Clank,Daxter,Jak
Rachet,Clank,Sly Racoon,Jak,Daxter
Daxter,Jak,Rachet,Sly Racoon,Clank
Sly Racoon,Rachet,Clank,Daxter,Jak
Clank,Rachet,Sly Racoon,Jak,Daxter
Sly Racoon,Rachet,Clank,Daxter,Jak
Sly Racoon,Rachet,Clank,Daxter,Jak
Daxter,Jak,Rachet,Sly Racoon,Clank
Clank,Rachet,Sly Racoon,Jak,Daxter
Rachet,Clank,Sly Racoon,Jak,Daxter
Clank,Rachet,Sly Racoon,Jak,Daxter
Sly Racoon,Rachet,Clank,Daxter,Jak
Clank,Rachet,Sly Racoon,Jak,Daxter
Sly Racoon,Rachet,Clank,Daxter,Jak
Clank,Rachet,Sly Racoon,Jak,Daxter
Daxter,Jak,Rachet,Sly Racoon,Clank
Rachet,Clank,Sly Racoon,Jak,Daxter
Daxter,Jak,Rachet,Sly Racoon,Clank
Daxter,Jak,Rachet,Sly Racoon,Clank
Rachet,Clank,Sly Racoon,Jak,Daxter
Rachet,Clank,Sly Racoon,Jak,Daxter
Sly Racoon,Rachet,Clank,Daxter,Jak
Clank,Rachet,Sly Racoon,Jak,Daxter
Rachet,Clank,Sly Racoon,Jak,Daxter
Sly Racoon,Rachet,Clank,Daxter,Jak
Sly Racoon,Rachet,Clank,Daxter,Jak
Rachet,Clank,Sly Racoon,Jak,Daxter
Daxter,Jak,Rachet,Sly Racoon,Clank
Daxter,Jak,Rachet,Sly Racoon,Clank
Sly Racoon,Rachet,Clank,Daxter,Jak
Sly Racoon,Rachet,Clank,Daxter,Jak
Sly Racoon,Rachet,Clank,Daxter,Jak
Sly Racoon,Rachet,Clank,Daxter,Jak
Clank,Rachet,Sly Racoon,Jak,Daxter
Daxter,Jak,Rachet,Sly Racoon,Clank
Rachet,Clank,Sly Racoon,Jak,Daxter
Rachet,Clank,Sly Racoon,Jak,Daxter
Daxter,Jak,Rachet,Sly Racoon,Clank
Clank,Rachet,Sly Racoon,Jak,Daxter
Daxter,Jak,Rachet,Sly Racoon,Clank
Daxter,Jak,Rachet,Sly Racoon,Clank
Rachet,Clank,Sly Racoon,Jak,Daxter
Daxter,Jak,Rachet,Sly Racoon,Clank
Sly Racoon,Rachet,Clank,Daxter,Jak
Clank,Rachet,Sly Racoon,Jak,Daxter
Rachet,Clank,Sly Racoon,Jak,Daxter
Daxter,Jak,Rachet,Sly Racoon,Clank
Rachet,Clank,Sly Racoon,Jak,Daxter
Daxter,Jak,Rachet,Sly Racoon,Clank
Sly Racoon,Rachet,Clank,Daxter,Jak
Rachet,Clank,Sly Racoon,Jak,Daxter
Clank,Rachet,Sly Racoon,Jak,Daxter
Clank,Rachet,Sly Racoon,Jak,Daxter
Daxter,Jak,Rachet,Sly Racoon,Clank
Rachet,Clank,Sly Racoon,Jak,Daxter
Rachet,Clank,Sly Racoon,Jak,Daxter
Clank,Rachet,Sly Racoon,Jak,Daxter
Sly Racoon,Rachet,Clank,Daxter,Jak
Clank,Rachet,Sly Racoon,Jak,Daxter
Clank,Rachet,Sly Racoon,Jak,Daxter
Clank,Rachet,Sly Racoon,Jak,Daxter
Clank,Rachet,Sly Racoon,Jak,Daxter
Sly Racoon,Rachet,Clank,Daxter,Jak
Clank,Rachet,Sly Racoon,Jak,Daxter
Rachet,Clank,Sly Racoon,Jak,Daxter
Sly Racoon,Rachet,Clank,Daxter,Jak
Sly Racoon,Rachet,Clank,Daxter,Jak
Daxter,Jak,Rachet,Sly Racoon,Clank
Daxter,Jak,Rachet,Sly Racoon,Clank
Daxter,Jak,Rachet,Sly Racoon,Clank
Clank,Rachet,Sly Racoon,Jak,Daxter
Rachet,Clank,Sly Racoon,Jak,Daxter
Clank,Rachet,Sly Racoon,Jak,Daxter
Sly Racoon,Rachet,Clank,Daxter,Jak
Rachet,Clank,Sly Racoon,Jak,Daxter
Daxter,Jak,Rachet,Sly Racoon,Clank
Clank,Rachet,Sly Racoon,Jak,Daxter
Rachet,Clank,Sly Racoon,Jak,Daxter
Clank,Rachet,Sly Racoon,Jak,Daxter
Daxter,Jak,Rachet,Sly Racoon,Clank
Clank,Rachet,Sly Racoon,Jak,Daxter
Clank,Rachet,Sly Racoon,Jak,Daxter
Rachet,Clank,Sly Racoon,Jak,Daxter
Rachet,Clank,Sly Racoon,Jak,Daxter
Sly Racoon,Rachet,Clank,Daxter,Jak
Sly Racoon,Rachet,Clank,Daxter,Jak
Clank,Rachet,Sly Racoon,Jak,Daxter
Daxter,Jak,Rachet,Sly Racoon,Clank
Daxter,Jak,Rachet,Sly Racoon,Clank
Rachet,Clank,Sly Racoon,Jak,Daxter
Sly Racoon,Rachet,Clank,Daxter,Jak
Clank,Rachet,Sly Racoon,Jak,Daxter
Sly Racoon,Rachet,Clank,Daxter,Jak
Sly Racoon,Rachet,Clank,Daxter,Jak
Clank,Rachet,Sly Racoon,Jak,Daxter
Clank,Rachet,Sly Racoon,Jak,Daxter
Sly Racoon,Rachet,Clank,Daxter,Jak
Clank,Rachet,Sly Racoon,Jak,Daxter
Rachet,Clank,Sly Racoon,Jak,Daxter
Sly Racoon,Rachet,Clank,Daxter,Jak
Sly Racoon,Rachet,Clank,Daxter,Jak
Daxter,Jak,Rachet,Sly Racoon,Clank
Clank,Rachet,Sly Racoon,Jak,Daxter
Daxter,Jak,Rachet,Sly Racoon,Clank
Rachet,Clank,Sly Racoon,Jak,Daxter
Daxter,Jak,Rachet,Sly Racoon,Clank
Daxter,Jak,Rachet,Sly Racoon,Clank
Sly Racoon,Rachet,Clank,Daxter,Jak
Daxter,Jak,Rachet,Sly Racoon,Clank
Clank,Rachet,Sly Racoon,Jak,Daxter
Daxter,Jak,Rachet,Sly Racoon,Clank
Daxter,Jak,Rachet,Sly Racoon,Clank
Rachet,Clank,Sly Racoon,Jak,Daxter
Sly Racoon,Rachet,Clank,Daxter,Jak
Sly Racoon,Rachet,Clank,Daxter,Jak
Clank,Rachet,Sly Racoon,Jak,Daxter
Sly Racoon,Rachet,Clank,Daxter,Jak
Rachet,Clank,Sly Racoon,Jak,Daxter
Daxter,Jak,Rachet,Sly Racoon,Clank
Clank,Rachet,Sly Racoon,Jak,Daxter
Daxter,Jak,Rachet,Sly Racoon,Clank
Sly Racoon,Rachet,Clank,Daxter,Jak
Daxter,Jak,Rachet,Sly Racoon,Clank
Rachet,Clank,Sly Racoon,Jak,Daxter
Rachet,Clank,Sly Racoon,Jak,Daxter
Sly Racoon,Rachet,Clank,Daxter,Jak
Daxter,Jak,Rachet,Sly Racoon,Clank
Sly Racoon,Rachet,Clank,Daxter,Jak
Clank,Rachet,Sly Racoon,Jak,Daxter
Sly Racoon,Rachet,Clank,Daxter,Jak
Sly Racoon,Rachet,Clank,Daxter,Jak
Clank,Rachet,Sly Racoon,Jak,Daxter
Daxter,Jak,Rachet,Sly Racoon,Clank
Clank,Rachet,Sly Racoon,Jak,Daxter
Sly Racoon,Rachet,Clank,Daxter,Jak
Daxter,Jak,Rachet,Sly Racoon,Clank
Daxter,Jak,Rachet,Sly Racoon,Clank
Clank,Rachet,Sly Racoon,Jak,Daxter
Clank,Rachet,Sly Racoon,Jak,Daxter
Sly Racoon,Rachet,Clank,Daxter,Jak
Rachet,Clank,Sly Racoon,Jak,Daxter
Sly Racoon,Rachet,Clank,Daxter,Jak
Rachet,Clank,Sly Racoon,Jak,Daxter
Clank,Rachet,Sly Racoon,Jak,Daxter
Sly Racoon,Rachet,Clank,Daxter,Jak
Daxter,Jak,Rachet,Sly Racoon,Clank
Sly Racoon,Rachet,Clank,Daxter,Jak
Sly Racoon,Rachet,Clank,Daxter,Jak
Sly Racoon,Rachet,Clank,Daxter,Jak
Clank,Rachet,Sly Racoon,Jak,Daxter
Daxter,Jak,Rachet,Sly Racoon,Clank
Sly Racoon,Rachet,Clank,Daxter,Jak
Daxter,Jak,Rachet,Sly Racoon,Clank
Sly Racoon,Rachet,Clank,Daxter,Jak
Rachet,Clank,Sly Racoon,Jak,Daxter
Daxter,Jak,Rachet,Sly Racoon,Clank
Daxter,Jak,Rachet,Sly Racoon,Clank
Rachet,Clank,Sly Racoon,Jak,Daxter
Clank,Rachet,Sly Racoon,Jak,Daxter
Clank,Rachet,Sly Racoon,Jak,Daxter
Daxter,Jak,Rachet,Sly Racoon,Clank
Clank,Rachet,Sly Racoon,Jak,Daxter
Clank,Rachet,Sly Racoon,Jak,Daxter
Sly Racoon,Rachet,Clank,Daxter,Jak
Rachet,Clank,Sly Racoon,Jak,Daxter
Clank,Rachet,Sly Racoon,Jak,Daxter
Sly Racoon,Rachet,Clank,Daxter,Jak
Clank,Rachet,Sly Racoon,Jak,Daxter
Clank,Rachet,Sly Racoon,Jak,Daxter
Sly Racoon,Rachet,Clank,Daxter,Jak
Daxter,Jak,Rachet,Sly Racoon,Clank
Daxter,Jak,Rachet,Sly Racoon,Clank
Rachet,Clank,Sly Racoon,Jak,Daxter
Sly Racoon,Rachet,Clank,Daxter,Jak
Daxter,Jak,Rachet,Sly Racoon,Clank
Rachet,Clank,Sly Racoon,Jak,Daxter
Daxter,Jak,Rachet,Sly Racoon,Clank
Rachet,Clank,Sly Racoon,Jak,Daxter
Clank,Rachet,Sly Racoon,Jak,Daxter
Rachet,Clank,Sly Racoon,Jak,Daxter
Daxter,Jak,Rachet,Sly Racoon,Clank
Rachet,Clank,Sly Racoon,Jak,Daxter
Daxter,Jak,Rachet,Sly Racoon,Clank
Clank,Rachet,Sly Racoon,Jak,Daxter
Rachet,Clank,Sly Racoon,Jak,Daxter
Clank,Rachet,Sly Racoon,Jak,Daxter
Clank,Rachet,Sly Racoon,Jak,Daxter
Clank,Rachet,Sly Racoon,Jak,Daxter
Daxter,Jak,Rachet,Sly Racoon,Clank
Daxter,Jak,Rachet,Sly Racoon,Clank
Sly Racoon,Rachet,Clank,Daxter,Jak
Rachet,Clank,Sly Racoon,Jak,Daxter
Rachet,Clank,Sly Racoon,Jak,Daxter
Rachet,Clank,Sly Racoon,Jak,Daxter
Sly Racoon,Rachet,Clank,Daxter,Jak
Sly Racoon,Rachet,Clank,Daxter,Jak
Rachet,Clank,Sly Racoon,Jak,Daxter
Clank,Rachet,Sly Racoon,Jak,Daxter
Daxter,Jak,Rachet,Sly Racoon,Clank
Sly Racoon,Rachet,Clank,Daxter,Jak
Rachet,Clank,Sly Racoon,Jak,Daxter
Rachet,Clank,Sly Racoon,Jak,Daxter
Daxter,Jak,Rachet,Sly Racoon,Clank
Rachet,Clank,Sly Racoon,Jak,Daxter
Clank,Rachet,Sly Racoon,Jak,Daxter
Daxter,Jak,Rachet,Sly Racoon,Clank
Clank,Rachet,Sly Racoon,Jak,Daxter
Clank,Rachet,Sly Racoon,Jak,Daxter
Sly Racoon,Rachet,Clank,Daxter,Jak
Rachet,Clank,Sly Racoon,Jak,Daxter
Rachet,Clank,Sly Racoon,Jak,Daxter
Clank,Rachet,Sly Racoon,Jak,Daxter
Sly Racoon,Rachet,Clank,Daxter,Jak
Sly Racoon,Rachet,Clank,Daxter,Jak
Rachet,Clank,Sly Racoon,Jak,Daxter
Rachet,Clank,Sly Racoon,Jak,Daxter
Clank,Rachet,Sly Racoon,Jak,Daxter
Clank,Rachet,Sly Racoon,Jak,Daxter
Daxter,Jak,Rachet,Sly Racoon,Clank
Sly Racoon,Rachet,Clank,Daxter,Jak
Rachet,Clank,Sly Racoon,Jak,Daxter
Clank,Rachet,Sly Racoon,Jak,Daxter
Daxter,Jak,Rachet,Sly Racoon,Clank
Daxter,Jak,Rachet,Sly Racoon,Clank
Clank,Rachet,Sly Racoon,Jak,Daxter
Rachet,Clank,Sly Racoon,Jak,Daxter
Daxter,Jak,Rachet,Sly Racoon,Clank
Daxter,Jak,Rachet,Sly Racoon,Clank
Daxter,Jak,Rachet,Sly Racoon,Clank
Rachet,Clank,Sly Racoon,Jak,Daxter
Daxter,Jak,Rachet,Sly Racoon,Clank
Clank,Rachet,Sly Racoon,Jak,Daxter
Rachet,Clank,Sly Racoon,Jak,Daxter
Rachet,Clank,Sly Racoon,Jak,Daxter
Clank,Rachet,Sly Racoon,Jak,Daxter
Daxter,Jak,Rachet,Sly Racoon,Clank
Rachet,Clank,Sly Racoon,Jak,Daxter
Daxter,Jak,Rachet,Sly Racoon,Clank
Rachet,Clank,Sly Racoon,Jak,Daxter
Daxter,Jak,Rachet,Sly Racoon,Clank
Clank,Rachet,Sly Racoon,Jak,Daxter
Sly Racoon,Rachet,Clank,Daxter,Jak
Daxter,Jak,Rachet,Sly Racoon,Clank
Rachet,Clank,Sly Racoon,Jak,Daxter
Rachet,Clank,Sly Racoon,Jak,Daxter
Clank,Rachet,Sly Racoon,Jak,Daxter
Daxter,Jak,Rachet,Sly Racoon,Clank
Daxter,Jak,Rachet,Sly Racoon,Clank
Sly Racoon,Rachet,Clank,Daxter,Jak
Rachet,Clank,Sly Racoon,Jak,Daxter
Clank,Rachet,Sly Racoon,Jak,Daxter
Rachet,Clank,Sly Racoon,Jak,Daxter
Daxter,Jak,Rachet,Sly Racoon,Clank
Sly Racoon,Rachet,Clank,Daxter,Jak
Clank,Rachet,Sly Racoon,Jak,Daxter
Daxter,Jak,Rachet,Sly Racoon,Clank
Sly Racoon,Rachet,Clank,Daxter,Jak
Daxter,Jak,Rachet,Sly Racoon,Clank
Clank,Rachet,Sly Racoon,Jak,Daxter
Daxter,Jak,Rachet,Sly Racoon,Clank
Sly Racoon,Rachet,Clank,Daxter,Jak
Sly Racoon,Rachet,Clank,Daxter,Jak
Sly Racoon,Rachet,Clank,Daxter,Jak
Daxter,Jak,Rachet,Sly Racoon,Clank
Sly Racoon,Rachet,Clank,Daxter,Jak
Rachet,Clank,Sly Racoon,Jak,Daxter
Daxter,Jak,Rachet,Sly Racoon,Clank
Rachet,Clank,Sly Racoon,Jak,Daxter
Rachet,Clank,Sly Racoon,Jak,Daxter
Daxter,Jak,Rachet,Sly Racoon,Clank
Rachet,Clank,Sly Racoon,Jak,Daxter
Clank,Rachet,Sly Racoon,Jak,Daxter
Rachet,Clank,Sly Racoon,Jak,Daxter
Daxter,Jak,Rachet,Sly Racoon,Clank
Daxter,Jak,Rachet,Sly Racoon,Clank
Daxter,Jak,Rachet,Sly Racoon,Clank
Sly Racoon,Rachet,Clank,Daxter,Jak
Sly Racoon,Rachet,Clank,Daxter,Jak
Clank,Rachet,Sly Racoon,Jak,Daxter
Sly Racoon,Rachet,Clank,Daxter,Jak
Sly Racoon,Rachet,Clank,Daxter,Jak
Daxter,Jak,Rachet,Sly Racoon,Clank
Daxter,Jak,Rachet,Sly Racoon,Clank
Daxter,Jak,Rachet,Sly Racoon,Clank
Daxter,Jak,Rachet,Sly Racoon,Clank
Clank,Rachet,Sly Racoon,Jak,Daxter
Clank,Rachet,Sly Racoon,Jak,Daxter
Rachet,Clank,Sly Racoon,Jak,Daxter
Daxter,Jak,Rachet,Sly Racoon,Clank
Rachet,Clank,Sly Racoon,Jak,Daxter
Rachet,Clank,Sly Racoon,Jak,Daxter
Clank,Rachet,Sly Racoon,Jak,Daxter
Sly Racoon,Rachet,Clank,Daxter,Jak
Daxter,Jak,Rachet,Sly Racoon,Clank
Rachet,Clank,Sly Racoon,Jak,Daxter
Daxter,Jak,Rachet,Sly Racoon,Clank
Daxter,Jak,Rachet,Sly Racoon,Clank
Rachet,Clank,Sly Racoon,Jak,Daxter
Clank,Rachet,Sly Racoon,Jak,Daxter
Clank,Rachet,Sly Racoon,Jak,Daxter
Clank,Rachet,Sly Racoon,Jak,Daxter
Rachet,Clank,Sly Racoon,Jak,Daxter
Sly Racoon,Rachet,Clank,Daxter,Jak
Sly Racoon,Rachet,Clank,Daxter,Jak
Clank,Rachet,Sly Racoon,Jak,Daxter
Clank,Rachet,Sly Racoon,Jak,Daxter
Clank,Rachet,Sly Racoon,Jak,Daxter
Daxter,Jak,Rachet,Sly Racoon,Clank
Rachet,Clank,Sly Racoon,Jak,Daxter
Sly Racoon,Rachet,Clank,Daxter,Jak
Daxter,Jak,Rachet,Sly Racoon,Clank
Sly Racoon,Rachet,Clank,Daxter,Jak
Rachet,Clank,Sly Racoon,Jak,Daxter
Daxter,Jak,Rachet,Sly Racoon,Clank
Clank,Rachet,Sly Racoon,Jak,Daxter
Daxter,Jak,Rachet,Sly Racoon,Clank
Rachet,Clank,Sly Racoon,Jak,Daxter
Clank,Rachet,Sly Racoon,Jak,Daxter
Clank,Rachet,Sly Racoon,Jak,Daxter
Daxter,Jak,Rachet,Sly Racoon,Clank
Rachet,Clank,Sly Racoon,Jak,Daxter
Clank,Rachet,Sly Racoon,Jak,Daxter
Rachet,Clank,Sly Racoon,Jak,Daxter
Rachet,Clank,Sly Racoon,Jak,Daxter
Clank,Rachet,Sly Racoon,Jak,Daxter
Clank,Rachet,Sly Racoon,Jak,Daxter
Clank,Rachet,Sly Racoon,Jak,Daxter
Rachet,Clank,Sly Racoon,Jak,Daxter
Sly Racoon,Rachet,Clank,Daxter,Jak
Clank,Rachet,Sly Racoon,Jak,Daxter
Daxter,Jak,Rachet,Sly Racoon,Clank
Rachet,Clank,Sly Racoon,Jak,Daxter
Clank,Rachet,Sly Racoon,Jak,Daxter
Sly Racoon,Rachet,Clank,Daxter,Jak
Daxter,Jak,Rachet,Sly Racoon,Clank
Sly Racoon,Rachet,Clank,Daxter,Jak
Daxter,Jak,Rachet,Sly Racoon,Clank
Clank,Rachet,Sly Racoon,Jak,Daxter
Clank,Rachet,Sly Racoon,Jak,Daxter
Sly Racoon,Rachet,Clank,Daxter,Jak
Daxter,Jak,Rachet,Sly Racoon,Clank
Sly Racoon,Rachet,Clank,Daxter,Jak
Clank,Rachet,Sly Racoon,Jak,Daxter
Sly Racoon,Rachet,Clank,Daxter,Jak
Clank,Rachet,Sly Racoon,Jak,Daxter
Sly Racoon,Rachet,Clank,Daxter,Jak
Sly Racoon,Rachet,Clank,Daxter,Jak
Sly Racoon,Rachet,Clank,Daxter,Jak
Clank,Rachet,Sly Racoon,Jak,Daxter
Rachet,Clank,Sly Racoon,Jak,Daxter
Sly Racoon,Rachet,Clank,Daxter,Jak
Daxter,Jak,Rachet,Sly Racoon,Clank
Sly Racoon,Rachet,Clank,Daxter,Jak
Daxter,Jak,Rachet,Sly Racoon,Clank
Sly Racoon,Rachet,Clank,Daxter,Jak
Clank,Rachet,Sly Racoon,Jak,Daxter
Rachet,Clank,Sly Racoon,Jak,Daxter
Sly Racoon,Rachet,Clank,Daxter,Jak
Sly Racoon,Rachet,Clank,Daxter,Jak
Sly Racoon,Rachet,Clank,Daxter,Jak
Sly Racoon,Rachet,Clank,Daxter,Jak
Rachet,Clank,Sly Racoon,Jak,Daxter
Clank,Rachet,Sly Racoon,Jak,Daxter
Sly Racoon,Rachet,Clank,Daxter,Jak
Daxter,Jak,Rachet,Sly Racoon,Clank
Clank,Rachet,Sly Racoon,Jak,Daxter
Rachet,Clank,Sly Racoon,Jak,Daxter
Rachet,Clank,Sly Racoon,Jak,Daxter
Clank,Rachet,Sly Racoon,Jak,Daxter
Sly Racoon,Rachet,Clank,Daxter,Jak
Daxter,Jak,Rachet,Sly Racoon,Clank
Clank,Rachet,Sly Racoon,Jak,Daxter
Sly Racoon,Rachet,Clank,Daxter,Jak
Sly Racoon,Rachet,Clank,Daxter,Jak
Daxter,Jak,Rachet,Sly Racoon,Clank
Daxter,Jak,Rachet,Sly Racoon,Clank
Sly Racoon,Rachet,Clank,Daxter,Jak
Daxter,Jak,Rachet,Sly Racoon,Clank
Rachet,Clank,Sly Racoon,Jak,Daxter
Daxter,Jak,Rachet,Sly Racoon,Clank
Sly Racoon,Rachet,Clank,Daxter,Jak
Clank,Rachet,Sly Racoon,Jak,Daxter
Daxter,Jak,Rachet,Sly Racoon,Clank
Rachet,Clank,Sly Racoon,Jak,Daxter
Rachet,Clank,Sly Racoon,Jak,Daxter
Daxter,Jak,Rachet,Sly Racoon,Clank
Clank,Rachet,Sly Racoon,Jak,Daxter
Daxter,Jak,Rachet,Sly Racoon,Clank
Sly Racoon,Rachet,Clank,Daxter,Jak
Sly Racoon,Rachet,Clank,Daxter,Jak
Sly Racoon,Rachet,Clank,Daxter,Jak
Sly Racoon,Rachet,Clank,Daxter,Jak
Rachet,Clank,Sly Racoon,Jak,Daxter
Sly Racoon,Rachet,Clank,Daxter,Jak
Daxter,Jak,Rachet,Sly Racoon,Clank
Rachet,Clank,Sly Racoon,Jak,Daxter
Clank,Rachet,Sly Racoon,Jak,Daxter
Clank,Rachet,Sly Racoon,Jak,Daxter
Clank,Rachet,Sly Racoon,Jak,Daxter
Sly Racoon,Rachet,Clank,Daxter,Jak
Daxter,Jak,Rachet,Sly Racoon,Clank
Sly Racoon,Rachet,Clank,Daxter,Jak
Rachet,Clank,Sly Racoon,Jak,Daxter
Clank,Rachet,Sly Racoon,Jak,Daxter
Sly Racoon,Rachet,Clank,Daxter,Jak
Rachet,Clank,Sly Racoon,Jak,Daxter
Daxter,Jak,Rachet,Sly Racoon,Clank
Clank,Rachet,Sly Racoon,Jak,Daxter
Clank,Rachet,Sly Racoon,Jak,Daxter
Rachet,Clank,Sly Racoon,Jak,Daxter
Rachet,Clank,Sly Racoon,Jak,Daxter
Daxter,Jak,Rachet,Sly Racoon,Clank
Sly Racoon,Rachet,Clank,Daxter,Jak
Sly Racoon,Rachet,Clank,Daxter,Jak
Clank,Rachet,Sly Racoon,Jak,Daxter
Rachet,Clank,Sly Racoon,Jak,Daxter
Rachet,Clank,Sly Racoon,Jak,Daxter
Rachet,Clank,Sly Racoon,Jak,Daxter
Rachet,Clank,Sly Racoon,Jak,Daxter
Daxter,Jak,Rachet,Sly Racoon,Clank
Sly Racoon,Rachet,Clank,Daxter,Jak
Rachet,Clank,Sly Racoon,Jak,Daxter
Daxter,Jak,Rachet,Sly Racoon,Clank
Daxter,Jak,Rachet,Sly Racoon,Clank
Rachet,Clank,Sly Racoon,Jak,Daxter
Rachet,Clank,Sly Racoon,Jak,Daxter
Daxter,Jak,Rachet,Sly Racoon,Clank
Rachet,Clank,Sly Racoon,Jak,Daxter
Daxter,Jak,Rachet,Sly Racoon,Clank
Clank,Rachet,Sly Racoon,Jak,Daxter
Sly Racoon,Rachet,Clank,Daxter,Jak
Clank,Rachet,Sly Racoon,Jak,Daxter
Rachet,Clank,Sly Racoon,Jak,Daxter
Clank,Rachet,Sly Racoon,Jak,Daxter
Sly Racoon,Rachet,Clank,Daxter,Jak
Rachet,Clank,Sly Racoon,Jak,Daxter
Rachet,Clank,Sly Racoon,Jak,Daxter
Daxter,Jak,Rachet,Sly Racoon,Clank
Daxter,Jak,Rachet,Sly Racoon,Clank
Sly Racoon,Rachet,Clank,Daxter,Jak
Clank,Rachet,Sly Racoon,Jak,Daxter
Clank,Rachet,Sly Racoon,Jak,Daxter
Rachet,Clank,Sly Racoon,Jak,Daxter
Rachet,Clank,Sly Racoon,Jak,Daxter
Rachet,Clank,Sly Racoon,Jak,Daxter
Rachet,Clank,Sly Racoon,Jak,Daxter
Rachet,Clank,Sly Racoon,Jak,Daxter
Daxter,Jak,Rachet,Sly Racoon,Clank
Clank,Rachet,Sly Racoon,Jak,Daxter
Sly Racoon,Rachet,Clank,Daxter,Jak
Rachet,Clank,Sly Racoon,Jak,Daxter
Rachet,Clank,Sly Racoon,Jak,Daxter
Daxter,Jak,Rachet,Sly Racoon,Clank
Sly Racoon,Rachet,Clank,Daxter,Jak
Clank,Rachet,Sly Racoon,Jak,Daxter
Daxter,Jak,Rachet,Sly Racoon,Clank
Daxter,Jak,Rachet,Sly Racoon,Clank
Clank,Rachet,Sly Racoon,Jak,Daxter
Sly Racoon,Rachet,Clank,Daxter,Jak
Daxter,Jak,Rachet,Sly Racoon,Clank
Rachet,Clank,Sly Racoon,Jak,Daxter
Rachet,Clank,Sly Racoon,Jak,Daxter
Rachet,Clank,Sly Racoon,Jak,Daxter
Daxter,Jak,Rachet,Sly Racoon,Clank
Sly Racoon,Rachet,Clank,Daxter,Jak
Clank,Rachet,Sly Racoon,Jak,Daxter
Rachet,Clank,Sly Racoon,Jak,Daxter
Daxter,Jak,Rachet,Sly Racoon,Clank
Daxter,Jak,Rachet,Sly Racoon,Clank
Rachet,Clank,Sly Racoon,Jak,Daxter
Sly Racoon,Rachet,Clank,Daxter,Jak
Sly Racoon,Rachet,Clank,Daxter,Jak
Daxter,Jak,Rachet,Sly Racoon,Clank
Rachet,Clank,Sly Racoon,Jak,Daxter
Rachet,Clank,Sly Racoon,Jak,Daxter
Sly Racoon,Rachet,Clank,Daxter,Jak
Rachet,Clank,Sly Racoon,Jak,Daxter
Rachet,Clank,Sly Racoon,Jak,Daxter
Sly Racoon,Rachet,Clank,Daxter,Jak
Rachet,Clank,Sly Racoon,Jak,Daxter
Daxter,Jak,Rachet,Sly Racoon,Clank
Rachet,Clank,Sly Racoon,Jak,Daxter
Clank,Rachet,Sly Racoon,Jak,Daxter
Sly Racoon,Rachet,Clank,Daxter,Jak
Rachet,Clank,Sly Racoon,Jak,Daxter
Rachet,Clank,Sly Racoon,Jak,Daxter
Daxter,Jak,Rachet,Sly Racoon,Clank
Daxter,Jak,Rachet,Sly Racoon,Clank
Daxter,Jak,Rachet,Sly Racoon,Clank
Daxter,Jak,Rachet,Sly Racoon,Clank
Clank,Rachet,Sly Racoon,Jak,Daxter
Clank,Rachet,Sly Racoon,Jak,Daxter
Sly Racoon,Rachet,Clank,Daxter,Jak
Sly Racoon,Rachet,Clank,Daxter,Jak
Daxter,Jak,Rachet,Sly Racoon,Clank
Clank,Rachet,Sly Racoon,Jak,Daxter
Rachet,Clank,Sly Racoon,Jak,Daxter
Daxter,Jak,Rachet,Sly Racoon,Clank
Rachet,Clank,Sly Racoon,Jak,Daxter
Daxter,Jak,Rachet,Sly Racoon,Clank
Sly Racoon,Rachet,Clank,Daxter,Jak
Clank,Rachet,Sly Racoon,Jak,Daxter
Sly Racoon,Rachet,Clank,Daxter,Jak
Sly Racoon,Rachet,Clank,Daxter,Jak
Clank,Rachet,Sly Racoon,Jak,Daxter
Rachet,Clank,Sly Racoon,Jak,Daxter
Rachet,Clank,Sly Racoon,Jak,Daxter
Sly Racoon,Rachet,Clank,Daxter,Jak
Clank,Rachet,Sly Racoon,Jak,Daxter
Clank,Rachet,Sly Racoon,Jak,Daxter
Sly Racoon,Rachet,Clank,Daxter,Jak
Sly Racoon,Rachet,Clank,Daxter,Jak
Daxter,Jak,Rachet,Sly Racoon,Clank
Clank,Rachet,Sly Racoon,Jak,Daxter
Sly Racoon,Rachet,Clank,Daxter,Jak
Rachet,Clank,Sly Racoon,Jak,Daxter
Daxter,Jak,Rachet,Sly Racoon,Clank
Clank,Rachet,Sly Racoon,Jak,Daxter
Sly Racoon,Rachet,Clank,Daxter,Jak
Daxter,Jak,Rachet,Sly Racoon,Clank
Daxter,Jak,Rachet,Sly Racoon,Clank
Rachet,Clank,Sly Racoon,Jak,Daxter
Clank,Rachet,Sly Racoon,Jak,Daxter
Clank,Rachet,Sly Racoon,Jak,Daxter
Sly Racoon,Rachet,Clank,Daxter,Jak
Clank,Rachet,Sly Racoon,Jak,Daxter
Sly Racoon,Rachet,Clank,Daxter,Jak
Clank,Rachet,Sly Racoon,Jak,Daxter
Daxter,Jak,Rachet,Sly Racoon,Clank
Sly Racoon,Rachet,Clank,Daxter,Jak
Clank,Rachet,Sly Racoon,Jak,Daxter
Clank,Rachet,Sly Racoon,Jak,Daxter
Daxter,Jak,Rachet,Sly Racoon,Clank
Clank,Rachet,Sly Racoon,Jak,Daxter
Clank,Rachet,Sly Racoon,Jak,Daxter
Daxter,Jak,Rachet,Sly Racoon,Clank
Rachet,Clank,Sly Racoon,Jak,Daxter
Rachet,Clank,Sly Racoon,Jak,Daxter
Clank,Rachet,Sly Racoon,Jak,Daxter
Sly Racoon,Rachet,Clank,Daxter,Jak
Daxter,Jak,Rachet,Sly Racoon,Clank
Daxter,Jak,Rachet,Sly Racoon,Clank
Sly Racoon,Rachet,Clank,Daxter,Jak
Daxter,Jak,Rachet,Sly Racoon,Clank
Rachet,Clank,Sly Racoon,Jak,Daxter
Sly Racoon,Rachet,Clank,Daxter,Jak
Clank,Rachet,Sly Racoon,Jak,Daxter
Rachet,Clank,Sly Racoon,Jak,Daxter
Rachet,Clank,Sly Racoon,Jak,Daxter
Sly Racoon,Rachet,Clank,Daxter,Jak
Daxter,Jak,Rachet,Sly Racoon,Clank
Rachet,Clank,Sly Racoon,Jak,Daxter
Clank,Rachet,Sly Racoon,Jak,Daxter
Sly Racoon,Rachet,Clank,Daxter,Jak
Daxter,Jak,Rachet,Sly Racoon,Clank
Rachet,Clank,Sly Racoon,Jak,Daxter
Rachet,Clank,Sly Racoon,Jak,Daxter
Clank,Rachet,Sly Racoon,Jak,Daxter
